{"cameraMode":{"drawMode":0,"name":"Shaded","section":"Shading Mode"},"sceneLighting":false,"audioPlay":false,"sceneViewState":{"m_AlwaysRefresh":false,"showFog":true,"showSkybox":false,"showFlares":true,"showImageEffects":true,"showParticleSystems":true,"showVisualEffectGraphs":true,"m_FxEnabled":true},"in2DMode":false,"pivot":{"x":0.03412503004074097,"y":0.385206401348114,"z":-0.2863273620605469},"rotation":{"x":-0.0528842955827713,"y":-0.47890904545783999,"z":0.028915800154209138,"w":-0.8757965564727783},"size":0.44415315985679629,"orthographic":false}